track_id,title,stable_url,audio_file
ac01-exam,AC01 — Quick Diagnostic (Exam Mode),https://hamidrezazaghi.github.io/ielts-mastery-audio-companion/listen.html?track=ac01-exam,AC01_Exam_v1.0.mp3
ac01-learning,AC01 — Quick Diagnostic (Learning Mode),https://hamidrezazaghi.github.io/ielts-mastery-audio-companion/listen.html?track=ac01-learning,AC01_Learning_v1.0.mp3
ac02-exam,AC02 — Full Listening Baseline (Exam Mode),https://hamidrezazaghi.github.io/ielts-mastery-audio-companion/listen.html?track=ac02-exam,AC02_Exam_v1.0.mp3
ac02-learning,AC02 — Full Listening Baseline (Learning Mode),https://hamidrezazaghi.github.io/ielts-mastery-audio-companion/listen.html?track=ac02-learning,AC02_Learning_v1.0.mp3
ac03-pronunciation-lab01,AC03 — Pronunciation Lab 01,https://hamidrezazaghi.github.io/ielts-mastery-audio-companion/listen.html?track=ac03-pronunciation-lab01,AC03_Pronunciation_Lab01_v0.1.mp3
ac04-pronunciation-lab02,AC04 — Pronunciation Lab 02,https://hamidrezazaghi.github.io/ielts-mastery-audio-companion/listen.html?track=ac04-pronunciation-lab02,AC04_Pronunciation_Lab02_v0.1.mp3
ac05-completion-practice,AC05 — Completion Practice (Learning Mode),https://hamidrezazaghi.github.io/ielts-mastery-audio-companion/listen.html?track=ac05-completion-practice,AC05_CompletionPractice_Learning_v0.1.mp3
ac06-multiple-choice-matching,AC06 — Multiple Choice & Matching (Learning Mode),https://hamidrezazaghi.github.io/ielts-mastery-audio-companion/listen.html?track=ac06-multiple-choice-matching,AC06_MultipleChoiceMatching_Learning_v0.1.mp3
ac07-exam,AC07 — Part 1 Mini Practice (Exam Mode),https://hamidrezazaghi.github.io/ielts-mastery-audio-companion/listen.html?track=ac07-exam,AC07_Exam_v0.1.mp3
ac07-learning,AC07 — Part 1 Mini Practice (Learning Mode),https://hamidrezazaghi.github.io/ielts-mastery-audio-companion/listen.html?track=ac07-learning,AC07_Learning_v0.1.mp3
ac08-exam,AC08 — Part 2 Greenhill (Exam Mode),https://hamidrezazaghi.github.io/ielts-mastery-audio-companion/listen.html?track=ac08-exam,AC08_Exam_v0.1.mp3
ac08-learning,AC08 — Part 2 Greenhill (Learning Mode),https://hamidrezazaghi.github.io/ielts-mastery-audio-companion/listen.html?track=ac08-learning,AC08_Learning_v0.1.mp3
ac09-exam,AC09 — Part 3 Green Spaces (Exam Mode),https://hamidrezazaghi.github.io/ielts-mastery-audio-companion/listen.html?track=ac09-exam,AC09_Exam_v0.1.mp3
ac09-learning,AC09 — Part 3 Green Spaces (Learning Mode),https://hamidrezazaghi.github.io/ielts-mastery-audio-companion/listen.html?track=ac09-learning,AC09_Learning_v0.1.mp3
ac10-exam,AC10 — Part 4 Urban Pollinator Corridors (Exam Mode),https://hamidrezazaghi.github.io/ielts-mastery-audio-companion/listen.html?track=ac10-exam,AC10_Exam_v0.2.mp3
ac10-learning,AC10 — Part 4 Urban Pollinator Corridors (Learning Mode),https://hamidrezazaghi.github.io/ielts-mastery-audio-companion/listen.html?track=ac10-learning,AC10_Learning_v0.1.mp3
ac11-compressed-structure,AC11 — Compressed Structure Practice (Learning Mode),https://hamidrezazaghi.github.io/ielts-mastery-audio-companion/listen.html?track=ac11-compressed-structure,AC11_CompressedStructure_Learning_v0.1.mp3
ac12-full-mock-01,AC12 — Integrated Full Mock 01 (Exam Mode),https://hamidrezazaghi.github.io/ielts-mastery-audio-companion/listen.html?track=ac12-full-mock-01,AC12_IntegratedFullMock01_Exam_v0.1.mp3
ac13-vocabulary-loop,AC13 — Vocabulary Pronunciation Loop,https://hamidrezazaghi.github.io/ielts-mastery-audio-companion/listen.html?track=ac13-vocabulary-loop,AC13_VocabularyPronunciationLoop_v0.1.mp3
ac14-speaking-self-recording,AC14 — Speaking Self-Recording Pack,https://hamidrezazaghi.github.io/ielts-mastery-audio-companion/listen.html?track=ac14-speaking-self-recording,AC14_SpeakingSelfRecordingPack_v0.1.mp3
